"id","source","type","zmax"
NA,"bathybase","maxdepth",591.9
"nhd_14726284","bathybase","maxdepth",7.6
"nhd_120052176","bathybase","maxdepth",67.1
"nhd_14726662","bathybase","maxdepth",3.4
"nhd_6866469","bathybase","maxdepth",14.9
NA,"bathybase","maxdepth",7.9
"nhd_13394595","bathybase","maxdepth",6.1
"nhd_13394253","bathybase","maxdepth",7.9
"nhd_2454776","bathybase","maxdepth",3
NA,"bathybase","maxdepth",4.6
"nhd_13138501","bathybase","maxdepth",1.5
NA,"bathybase","maxdepth",498.982
"nhd_13134709","bathybase","maxdepth",2.7
"nhd_6866613","bathybase","maxdepth",2.7
NA,"bathybase","maxdepth",24.4
"nhd_9035735","bathybase","maxdepth",10.7
"nhd_9035845","bathybase","maxdepth",8.8
"nhd_9036137","bathybase","maxdepth",21.3
"nhd_9035729","bathybase","maxdepth",7.6
"nhd_13097728","bathybase","maxdepth",6.1
"nhd_13102611","bathybase","maxdepth",9.1
"nhd_14729180","bathybase","maxdepth",7.6
"nhd_6864373","bathybase","maxdepth",1.5
"nhd_12980565","bathybase","maxdepth",9.1
"nhd_12991541","bathybase","maxdepth",6.1
"nhd_12988983","bathybase","maxdepth",4.3
"nhd_13349370","bathybase","maxdepth",13.7
"nhd_13345714","bathybase","maxdepth",4.6
"nhd_13345726","bathybase","maxdepth",3.7
"nhd_13344020","bathybase","maxdepth",18.6
"nhd_13123946","bathybase","maxdepth",6.1
"nhd_9029911","bathybase","maxdepth",3
"nhd_13117608","bathybase","maxdepth",3
"nhd_6866553","bathybase","maxdepth",25.9
NA,"bathybase","maxdepth",9.8
"nhd_2266211","bathybase","maxdepth",7.3
NA,"bathybase","maxdepth",3
"nhd_12162818","bathybase","maxdepth",11.6
NA,"bathybase","maxdepth",7.6
"nhd_1813543","bathybase","maxdepth",5.2
"nhd_1813733","bathybase","maxdepth",3
"nhd_1813701","bathybase","maxdepth",6.1
"nhd_1813727","bathybase","maxdepth",12.2
"nhd_6791805","bathybase","maxdepth",17.4
"nhd_6866301","bathybase","maxdepth",7.3
"nhd_12161226","bathybase","maxdepth",7
"nhd_9022639","bathybase","maxdepth",4.6
NA,"bathybase","maxdepth",6.1
"nhd_12161140","bathybase","maxdepth",9.1
"nhd_12176206","bathybase","maxdepth",18.3
"nhd_6808544","bathybase","maxdepth",10.7
"nhd_6819970","bathybase","maxdepth",7.6
"nhd_6819874","bathybase","maxdepth",18.3
NA,"bathybase","maxdepth",7.9
"nhd_6818344","bathybase","maxdepth",15.2
"nhd_6866345","bathybase","maxdepth",3.7
"nhd_6818330","bathybase","maxdepth",10.1
"nhd_6842183","bathybase","maxdepth",4.6
"nhd_12176188","bathybase","maxdepth",36.3
"nhd_12176166","bathybase","maxdepth",14.3
"nhd_6842791","bathybase","maxdepth",6.1
"nhd_12173068","bathybase","maxdepth",27.4
"nhd_12174574","bathybase","maxdepth",12.2
"nhd_6842187","bathybase","maxdepth",4.6
"nhd_14445790","bathybase","maxdepth",12.2
"nhd_14767842","bathybase","maxdepth",6.1
"nhd_6866369","bathybase","maxdepth",9.1
NA,"bathybase","maxdepth",0.9
"nhd_14767924","bathybase","maxdepth",3
"nhd_14767786","bathybase","maxdepth",12.2
"nhd_14767156","bathybase","maxdepth",13.7
"nhd_13290840","bathybase","maxdepth",25.9
"nhd_13290942","bathybase","maxdepth",12.2
"nhd_13294928","bathybase","maxdepth",15.2
"nhd_13296360","bathybase","maxdepth",9.1
"nhd_120052351","bathybase","maxdepth",10.7
"nhd_120052351","bathybase","maxdepth",21.3
"nhd_13634461","bathybase","maxdepth",8.5
"nhd_120052446","bathybase","maxdepth",13.4
"nhd_13291034","bathybase","maxdepth",7.3
NA,"bathybase","maxdepth",1.8
"nhd_12172926","bathybase","maxdepth",5.8
"nhd_13282794","bathybase","maxdepth",6.1
NA,"bathybase","maxdepth",2.1
"nhd_13282356","bathybase","maxdepth",2.4
"nhd_12172970","bathybase","maxdepth",16.5
"nhd_13290898","bathybase","maxdepth",18.3
"nhd_13290766","bathybase","maxdepth",12.8
"nhd_13652598","bathybase","maxdepth",10.7
"nhd_13290786","bathybase","maxdepth",10.7
NA,"bathybase","maxdepth",1.5
NA,"bathybase","maxdepth",4.6
NA,"bathybase","maxdepth",4.3
"nhd_13411474","bathybase","maxdepth",4.3
NA,"bathybase","maxdepth",1.2
"nhd_13393597","bathybase","maxdepth",9.1
"nhd_13395043","bathybase","maxdepth",7.6
"nhd_13393897","bathybase","maxdepth",29
"nhd_13653704","bathybase","maxdepth",14.3
"nhd_13293262","bathybase","maxdepth",25.3
NA,"bathybase","maxdepth",6.1
NA,"bathybase","maxdepth",6.1
NA,"bathybase","maxdepth",1.8
NA,"bathybase","maxdepth",30.5
NA,"bathybase","maxdepth",3
NA,"bathybase","maxdepth",12.2
NA,"bathybase","maxdepth",6.7
NA,"bathybase","maxdepth",4.9
NA,"bathybase","maxdepth",4.9
NA,"bathybase","maxdepth",4.3
NA,"bathybase","maxdepth",3.7
NA,"bathybase","maxdepth",7.3
NA,"bathybase","maxdepth",8.2
NA,"bathybase","maxdepth",11.9
NA,"bathybase","maxdepth",14.6
NA,"bathybase","maxdepth",2.7
NA,"bathybase","maxdepth",4.9
NA,"bathybase","maxdepth",9.1
NA,"bathybase","maxdepth",13.7
NA,"bathybase","maxdepth",2.1
NA,"bathybase","maxdepth",3
NA,"bathybase","maxdepth",6.1
NA,"bathybase","maxdepth",6.4
NA,"bathybase","maxdepth",4.3
NA,"bathybase","maxdepth",2.4
NA,"bathybase","maxdepth",4.9
NA,"bathybase","maxdepth",3.7
NA,"bathybase","maxdepth",2.1
NA,"bathybase","maxdepth",1.8
NA,"bathybase","maxdepth",1.8
NA,"bathybase","maxdepth",6.7
NA,"bathybase","maxdepth",7.3
NA,"bathybase","maxdepth",4.9
NA,"bathybase","maxdepth",9.1
NA,"bathybase","maxdepth",6.1
NA,"bathybase","maxdepth",5.5
NA,"bathybase","maxdepth",16.8
NA,"bathybase","maxdepth",3.7
NA,"bathybase","maxdepth",6.7
NA,"bathybase","maxdepth",6.4
NA,"bathybase","maxdepth",3.7
NA,"bathybase","maxdepth",19.2
NA,"bathybase","maxdepth",5.5
NA,"bathybase","maxdepth",8.2
NA,"bathybase","maxdepth",9.1
NA,"bathybase","maxdepth",7.3
NA,"bathybase","maxdepth",13.7
NA,"bathybase","maxdepth",2.7
NA,"bathybase","maxdepth",4.6
NA,"bathybase","maxdepth",4.9
NA,"bathybase","maxdepth",7.3
NA,"bathybase","maxdepth",6.1
NA,"bathybase","maxdepth",5.5
NA,"bathybase","maxdepth",7.3
NA,"bathybase","maxdepth",1.8
NA,"bathybase","maxdepth",5.5
NA,"bathybase","maxdepth",1.5
NA,"bathybase","maxdepth",1.2
NA,"bathybase","maxdepth",8.2
NA,"bathybase","maxdepth",4.9
NA,"bathybase","maxdepth",18.3
NA,"bathybase","maxdepth",9.1
NA,"bathybase","maxdepth",7.3
NA,"bathybase","maxdepth",7.3
NA,"bathybase","maxdepth",3.7
NA,"bathybase","maxdepth",3
NA,"bathybase","maxdepth",2.7
NA,"bathybase","maxdepth",6.4
NA,"bathybase","maxdepth",6.1
NA,"bathybase","maxdepth",5.5
NA,"bathybase","maxdepth",3.4
NA,"bathybase","maxdepth",12.2
NA,"bathybase","maxdepth",4.9
NA,"bathybase","maxdepth",3
NA,"bathybase","maxdepth",4.3
NA,"bathybase","maxdepth",6.7
NA,"bathybase","maxdepth",5.5
NA,"bathybase","maxdepth",5.5
NA,"bathybase","maxdepth",8.2
NA,"bathybase","maxdepth",3
NA,"bathybase","maxdepth",6.1
NA,"bathybase","maxdepth",3.7
"nhd_2630828","bathybase","maxdepth",27
"nhd_4839804","bathybase","maxdepth",23
"nhd_4852249","bathybase","maxdepth",80
"nhd_4840066","bathybase","maxdepth",20
"nhd_4839586","bathybase","maxdepth",17.7
"nhd_4839574","bathybase","maxdepth",75.9
"nhd_4839758","bathybase","maxdepth",66.8
"nhd_4839746","bathybase","maxdepth",23.9
NA,"bathybase","maxdepth",49
"nhd_4839468","bathybase","maxdepth",27
"nhd_167120397","bathybase","maxdepth",80
"nhd_2360898","bathybase","maxdepth",18
"nhd_4856051","bathybase","maxdepth",44.7
"nhd_4855655","bathybase","maxdepth",117
"nhd_4852433","bathybase","maxdepth",47.7
"nhd_4852085","bathybase","maxdepth",44
"nhd_4852141","bathybase","maxdepth",15
"nhd_1099170","bathybase","maxdepth",57.7
"nhd_1101846","bathybase","maxdepth",16.9
"nhd_120051922","bathybase","maxdepth",57
"nhd_1101548","bathybase","maxdepth",16
"nhd_1099450","bathybase","maxdepth",37
"nhd_1099476","bathybase","maxdepth",43.1
"nhd_1099156","bathybase","maxdepth",28
"nhd_1099240","bathybase","maxdepth",24
"nhd_1099390","bathybase","maxdepth",11
"nhd_1099380","bathybase","maxdepth",7
"nhd_1099420","bathybase","maxdepth",43
"nhd_1099432","bathybase","maxdepth",72.9
"nhd_4047936","bathybase","maxdepth",20.5
"nhd_2354424","bathybase","maxdepth",10
"nhd_2354400","bathybase","maxdepth",10
NA,"bathybase","maxdepth",15.2
NA,"bathybase","maxdepth",50
"nhd_2031815","bathybase","maxdepth",37.9
"nhd_2031703","bathybase","maxdepth",47
"nhd_2031777","bathybase","maxdepth",50.4
"nhd_2031719","bathybase","maxdepth",49.7
"nhd_2032119","bathybase","maxdepth",5.1
"nhd_2031893","bathybase","maxdepth",41.9
"nhd_2031725","bathybase","maxdepth",30.7
NA,"bathybase","maxdepth",29.9
NA,"bathybase","maxdepth",42.8
"nhd_1790543","bathybase","maxdepth",30
"nhd_1790567","bathybase","maxdepth",16
"nhd_1790479","bathybase","maxdepth",15
"nhd_1790503","bathybase","maxdepth",25
"nhd_1790301","bathybase","maxdepth",20
"nhd_1763758","bathybase","maxdepth",28
"nhd_7108715","bathybase","maxdepth",24
"nhd_7107613","bathybase","maxdepth",44
"nhd_7107851","bathybase","maxdepth",42
NA,"bathybase","maxdepth",66
"nhd_1767538","bathybase","maxdepth",18
"nhd_120053088","bathybase","maxdepth",62
NA,"bathybase","maxdepth",160
"nhd_1768880","bathybase","maxdepth",38
"nhd_120052231","bathybase","maxdepth",22
"nhd_167201758","bathybase","maxdepth",40
NA,"bathybase","maxdepth",30
"nhd_7113929","bathybase","maxdepth",46
"nhd_7142960","bathybase","maxdepth",33.9
"nhd_7143026","bathybase","maxdepth",76
NA,"bathybase","maxdepth",39
"nhd_7143102","bathybase","maxdepth",49
"nhd_1793523","bathybase","maxdepth",8
"nhd_7177914","bathybase","maxdepth",69.1
"nhd_7177914","bathybase","maxdepth",90
"nhd_1791863","bathybase","maxdepth",15
NA,"bathybase","maxdepth",41.5
"nhd_7142570","bathybase","maxdepth",75
NA,"bathybase","maxdepth",50
"nhd_1792715","bathybase","maxdepth",10
"nhd_1792765","bathybase","maxdepth",25.5
"nhd_1769008","bathybase","maxdepth",25
"nhd_1769034","bathybase","maxdepth",25
"nhd_7101345","bathybase","maxdepth",75
NA,"bathybase","maxdepth",20.4
"nhd_1775796","bathybase","maxdepth",60
"nhd_1792789","bathybase","maxdepth",36
NA,"bathybase","maxdepth",12.7
"nhd_1769084","bathybase","maxdepth",40
"nhd_167201784","bathybase","maxdepth",94
"nhd_1792897","bathybase","maxdepth",23.9
"nhd_1791829","bathybase","maxdepth",35
"nhd_1768996","bathybase","maxdepth",25
"nhd_1769036","bathybase","maxdepth",25
"nhd_1770992","bathybase","maxdepth",20
"nhd_1768784","bathybase","maxdepth",25
NA,"bathybase","maxdepth",17
"nhd_7101115","bathybase","maxdepth",52
"nhd_7137600","bathybase","maxdepth",11.1
"nhd_120052238","bathybase","maxdepth",80
NA,"bathybase","maxdepth",183.9
"nhd_1769208","bathybase","maxdepth",30
"nhd_1768822","bathybase","maxdepth",11.5
NA,"bathybase","maxdepth",21.3
"nhd_1768408","bathybase","maxdepth",70
"nhd_1766204","bathybase","maxdepth",28.4
"nhd_1766186","bathybase","maxdepth",44.5
"nhd_7152976","bathybase","maxdepth",95
"nhd_7153320","bathybase","maxdepth",78
NA,"bathybase","maxdepth",88
NA,"bathybase","maxdepth",149.6
"nhd_120052233","bathybase","maxdepth",17.2
"nhd_1769334","bathybase","maxdepth",50
"nhd_120053274","bathybase","maxdepth",37
"nhd_7138638","bathybase","maxdepth",13.1
"nhd_120052243","bathybase","maxdepth",14.4
NA,"bathybase","maxdepth",50
"nhd_120052243","bathybase","maxdepth",15
"nhd_7138116","bathybase","maxdepth",50
"nhd_7168196","bathybase","maxdepth",13
"nhd_7153122","bathybase","maxdepth",27.7
"nhd_7153150","bathybase","maxdepth",60
"nhd_7173488","bathybase","maxdepth",30.4
"nhd_7173330","bathybase","maxdepth",32.8
"nhd_7137474","bathybase","maxdepth",30
"nhd_120052240","bathybase","maxdepth",91
"nhd_7151004","bathybase","maxdepth",12
"nhd_7151014","bathybase","maxdepth",27
"nhd_7138266","bathybase","maxdepth",35.9
"nhd_7154030","bathybase","maxdepth",31
NA,"bathybase","maxdepth",78
"nhd_4838796","bathybase","maxdepth",45
"nhd_7153992","bathybase","maxdepth",25.8
"nhd_7152618","bathybase","maxdepth",19
"nhd_7150968","bathybase","maxdepth",49
NA,"bathybase","maxdepth",60
"nhd_7107659","bathybase","maxdepth",27
NA,"bathybase","maxdepth",38.9
NA,"bathybase","maxdepth",32.5
NA,"bathybase","maxdepth",262.1
"nhd_2385476","bathybase","maxdepth",20.6
NA,"bathybase","maxdepth",54.9
"nhd_2385696","bathybase","maxdepth",8
"nhd_2385680","bathybase","maxdepth",9.8
"nhd_2385496","bathybase","maxdepth",37
"nhd_2385472","bathybase","maxdepth",7.3
"nhd_2385648","bathybase","maxdepth",28
"nhd_2385444","bathybase","maxdepth",40.3
"nhd_2385358","bathybase","maxdepth",5.9
"nhd_2385742","bathybase","maxdepth",11
"nhd_2385346","bathybase","maxdepth",22
"nhd_2385724","bathybase","maxdepth",5.7
"nhd_2385542","bathybase","maxdepth",3.7
"nhd_2385658","bathybase","maxdepth",8
"nhd_2385706","bathybase","maxdepth",17.2
"nhd_2721707","bathybase","maxdepth",10
"nhd_2365412","bathybase","maxdepth",40
"nhd_2721639","bathybase","maxdepth",15
"nhd_2721831","bathybase","maxdepth",18
NA,"bathybase","maxdepth",20
"nhd_2721755","bathybase","maxdepth",25
"nhd_2721881","bathybase","maxdepth",44.1
"nhd_2721881","bathybase","maxdepth",44.1
"nhd_2721669","bathybase","maxdepth",8
"nhd_2719383","bathybase","maxdepth",15
"nhd_120052041","bathybase","maxdepth",25
"nhd_120052041","bathybase","maxdepth",10
"nhd_2723527","bathybase","maxdepth",15
"nhd_2723539","bathybase","maxdepth",30
"nhd_2723539","bathybase","maxdepth",30
"nhd_2723465","bathybase","maxdepth",30
NA,"bathybase","maxdepth",30
"nhd_2723769","bathybase","maxdepth",50
NA,"bathybase","maxdepth",27
"nhd_4981368","bathybase","maxdepth",12
"nhd_4981268","bathybase","maxdepth",18.2
"nhd_4981310","bathybase","maxdepth",32
"nhd_4981134","bathybase","maxdepth",30
"nhd_4981198","bathybase","maxdepth",34
"nhd_4981294","bathybase","maxdepth",20
"nhd_4981172","bathybase","maxdepth",55
"nhd_4981172","bathybase","maxdepth",16.2
"nhd_4981172","bathybase","maxdepth",16.2
"nhd_4981172","bathybase","maxdepth",40.2
"nhd_4981172","bathybase","maxdepth",35
"nhd_4981172","bathybase","maxdepth",21.3
"nhd_4972121","bathybase","maxdepth",39.8
"nhd_4972101","bathybase","maxdepth",60
"nhd_4972175","bathybase","maxdepth",122.4
"nhd_4972183","bathybase","maxdepth",40
NA,"bathybase","maxdepth",70
"nhd_4971933","bathybase","maxdepth",40
"nhd_4972009","bathybase","maxdepth",40.6
"nhd_4972047","bathybase","maxdepth",25
"nhd_4981172","bathybase","maxdepth",70
"nhd_4981172","bathybase","maxdepth",35
NA,"bathybase","maxdepth",30.3
"nhd_4981172","bathybase","maxdepth",13.8
"nhd_4971937","bathybase","maxdepth",70
NA,"bathybase","maxdepth",34
"nhd_4981290","bathybase","maxdepth",35
"nhd_4981330","bathybase","maxdepth",75.8
"nhd_4981350","bathybase","maxdepth",20
"nhd_4981172","bathybase","maxdepth",20
"nhd_4981172","bathybase","maxdepth",57
"nhd_4981210","bathybase","maxdepth",30
"nhd_4251354","bathybase","maxdepth",41
"nhd_4978918","bathybase","maxdepth",10
"nhd_4251408","bathybase","maxdepth",132
"nhd_4978882","bathybase","maxdepth",40
"nhd_4978798","bathybase","maxdepth",35
"nhd_4978790","bathybase","maxdepth",60
"nhd_4978810","bathybase","maxdepth",44
NA,"bathybase","maxdepth",56
"nhd_2034063","bathybase","maxdepth",27
"nhd_4413704","bathybase","maxdepth",17
"nhd_4413566","bathybase","maxdepth",9.5
"nhd_4103107","bathybase","maxdepth",13
NA,"bathybase","maxdepth",9
"nhd_4415522","bathybase","maxdepth",15.4
"nhd_4415322","bathybase","maxdepth",26
"nhd_4104187","bathybase","maxdepth",18
"nhd_4104177","bathybase","maxdepth",14
"nhd_4971701","bathybase","maxdepth",7
"nhd_4859287","bathybase","maxdepth",57
"nhd_4978572","bathybase","maxdepth",47
"nhd_4859143","bathybase","maxdepth",45
"nhd_4859169","bathybase","maxdepth",26
"nhd_4859163","bathybase","maxdepth",63
"nhd_4859209","bathybase","maxdepth",39
NA,"bathybase","maxdepth",62
"nhd_4859099","bathybase","maxdepth",67
"nhd_4858265","bathybase","maxdepth",29
"nhd_4963317","bathybase","maxdepth",25
"nhd_4858077","bathybase","maxdepth",21
"nhd_4858145","bathybase","maxdepth",26
"nhd_4978640","bathybase","maxdepth",80
"nhd_4963209","bathybase","maxdepth",39
NA,"bathybase","maxdepth",80
"nhd_4978570","bathybase","maxdepth",45
"nhd_4978592","bathybase","maxdepth",28.9
"nhd_4965327","bathybase","maxdepth",30.5
"nhd_4963059","bathybase","maxdepth",34
"nhd_4978632","bathybase","maxdepth",36
NA,"bathybase","maxdepth",19
NA,"bathybase","maxdepth",61
"nhd_4978518","bathybase","maxdepth",25
"nhd_4978512","bathybase","maxdepth",19
"nhd_4978510","bathybase","maxdepth",25.4
"nhd_4980402","bathybase","maxdepth",16
"nhd_4980330","bathybase","maxdepth",66.5
"nhd_4978564","bathybase","maxdepth",29
"nhd_4978620","bathybase","maxdepth",33
NA,"bathybase","maxdepth",10
"nhd_4944293","bathybase","maxdepth",24
"nhd_4944385","bathybase","maxdepth",15
"nhd_2032351","bathybase","maxdepth",25
"nhd_2032357","bathybase","maxdepth",8
"nhd_10595614","bathybase","maxdepth",57.1
NA,"bathybase","maxdepth",10
"nhd_2647936","bathybase","maxdepth",22
"nhd_2647560","bathybase","maxdepth",27
"nhd_2647532","bathybase","maxdepth",9
"nhd_2647572","bathybase","maxdepth",34
"nhd_2647582","bathybase","maxdepth",66.3
"nhd_2647628","bathybase","maxdepth",66
NA,"bathybase","maxdepth",50
"nhd_2647112","bathybase","maxdepth",30
"nhd_2647176","bathybase","maxdepth",25
"nhd_2647236","bathybase","maxdepth",33.7
NA,"bathybase","maxdepth",15.8
"nhd_1100974","bathybase","maxdepth",15.3
"nhd_2651398","bathybase","maxdepth",41
"nhd_2648038","bathybase","maxdepth",24
"nhd_2648038","bathybase","maxdepth",14.5
"nhd_2648074","bathybase","maxdepth",38.8
"nhd_2651310","bathybase","maxdepth",114.1
"nhd_1100962","bathybase","maxdepth",45
"nhd_2647656","bathybase","maxdepth",15.4
"nhd_2647106","bathybase","maxdepth",36.9
"nhd_2647234","bathybase","maxdepth",25.9
"nhd_167120570","bathybase","maxdepth",28
"nhd_1101008","bathybase","maxdepth",36
"nhd_1097324","bathybase","maxdepth",82.9
NA,"bathybase","maxdepth",13
NA,"bathybase","maxdepth",14.1
"nhd_2116316","bathybase","maxdepth",38
"nhd_4250476","bathybase","maxdepth",20
"nhd_4250446","bathybase","maxdepth",40
"nhd_4250466","bathybase","maxdepth",8.1
"nhd_4250418","bathybase","maxdepth",23.5
NA,"bathybase","maxdepth",13.2
"nhd_4250500","bathybase","maxdepth",20
"nhd_4250540","bathybase","maxdepth",15
"nhd_4250290","bathybase","maxdepth",20
"nhd_4250322","bathybase","maxdepth",86.9
"nhd_2722015","bathybase","maxdepth",42
"nhd_4250428","bathybase","maxdepth",34.9
"nhd_120053228","bathybase","maxdepth",10
"nhd_4250470","bathybase","maxdepth",25
"nhd_4250568","bathybase","maxdepth",70.5
"nhd_4250278","bathybase","maxdepth",50
"nhd_120053321","bathybase","maxdepth",80.6
"nhd_4250250","bathybase","maxdepth",76
"nhd_4250280","bathybase","maxdepth",0.9
"nhd_2721961","bathybase","maxdepth",40
"nhd_2721971","bathybase","maxdepth",59.6
"nhd_2722027","bathybase","maxdepth",37.8
"nhd_2722011","bathybase","maxdepth",8.5
"nhd_2723969","bathybase","maxdepth",26.6
"nhd_2722093","bathybase","maxdepth",101.6
"nhd_120053323","bathybase","maxdepth",33.9
"nhd_2721861","bathybase","maxdepth",48.9
"nhd_4251794","bathybase","maxdepth",36.9
"nhd_2723565","bathybase","maxdepth",38
"nhd_4252168","bathybase","maxdepth",18.5
"nhd_120052029","bathybase","maxdepth",47.8
"nhd_4252056","bathybase","maxdepth",36
"nhd_4251770","bathybase","maxdepth",33.9
"nhd_4251822","bathybase","maxdepth",52
"nhd_2723849","bathybase","maxdepth",31
NA,"bathybase","maxdepth",100
"nhd_2723937","bathybase","maxdepth",30
"nhd_2723937","bathybase","maxdepth",15
"nhd_2723763","bathybase","maxdepth",67.6
"nhd_2723773","bathybase","maxdepth",34
"nhd_2723649","bathybase","maxdepth",50
"nhd_2723741","bathybase","maxdepth",35
"nhd_2723927","bathybase","maxdepth",73.6
"nhd_2723765","bathybase","maxdepth",70
"nhd_2723765","bathybase","maxdepth",50
"nhd_4251924","bathybase","maxdepth",52
"nhd_4252020","bathybase","maxdepth",21
"nhd_4251842","bathybase","maxdepth",68.6
"nhd_4251688","bathybase","maxdepth",40
"nhd_4251712","bathybase","maxdepth",49.8
"nhd_4251618","bathybase","maxdepth",82.4
"nhd_2723789","bathybase","maxdepth",44.4
NA,"bathybase","maxdepth",44
"nhd_2723871","bathybase","maxdepth",81.7
"nhd_4251616","bathybase","maxdepth",30.4
"nhd_4251618","bathybase","maxdepth",77.9
"nhd_4252106","bathybase","maxdepth",28
"nhd_2723935","bathybase","maxdepth",23
"nhd_2723993","bathybase","maxdepth",35
NA,"bathybase","maxdepth",30
"nhd_4121422","bathybase","maxdepth",14
NA,"bathybase","maxdepth",60.5
"nhd_4851965","bathybase","maxdepth",36.9
NA,"bathybase","maxdepth",48.2
"nhd_4839462","bathybase","maxdepth",24.1
"nhd_4855703","bathybase","maxdepth",39
"nhd_4851955","bathybase","maxdepth",30.9
"nhd_2360646","bathybase","maxdepth",78
"nhd_4855949","bathybase","maxdepth",51.3
"nhd_4852391","bathybase","maxdepth",37.8
"nhd_4835174","bathybase","maxdepth",55.9
"nhd_2360694","bathybase","maxdepth",121.6
"nhd_120053244","bathybase","maxdepth",100
"nhd_120053244","bathybase","maxdepth",21.8
"nhd_120053244","bathybase","maxdepth",50
"nhd_1099068","bathybase","maxdepth",20.9
NA,"bathybase","maxdepth",15.9
"nhd_1098954","bathybase","maxdepth",19
"nhd_2650216","bathybase","maxdepth",41.8
NA,"bathybase","maxdepth",17
"nhd_1098396","bathybase","maxdepth",27
"nhd_1099038","bathybase","maxdepth",23.9
"nhd_1098628","bathybase","maxdepth",22
"nhd_2650134","bathybase","maxdepth",10
"nhd_2365854","bathybase","maxdepth",31.9
"nhd_2365942","bathybase","maxdepth",65.1
NA,"bathybase","maxdepth",21.8
"nhd_4943477","bathybase","maxdepth",63
NA,"bathybase","maxdepth",60
NA,"bathybase","maxdepth",80
"nhd_4939501","bathybase","maxdepth",25
"nhd_4956852","bathybase","maxdepth",13.9
"nhd_4943483","bathybase","maxdepth",16
"nhd_6654805","bathybase","maxdepth",29
"nhd_6652311","bathybase","maxdepth",70
"nhd_6654581","bathybase","maxdepth",37.9
"nhd_6652777","bathybase","maxdepth",68.2
NA,"bathybase","maxdepth",70
"nhd_6652551","bathybase","maxdepth",91.9
NA,"bathybase","maxdepth",70
"nhd_6655167","bathybase","maxdepth",47.6
NA,"bathybase","maxdepth",29.6
"nhd_6654975","bathybase","maxdepth",65
"nhd_6654673","bathybase","maxdepth",20.9
"nhd_6652845","bathybase","maxdepth",15
"nhd_6652263","bathybase","maxdepth",50
"nhd_6654571","bathybase","maxdepth",16
NA,"bathybase","maxdepth",54.9
NA,"bathybase","maxdepth",29.2
"nhd_6654733","bathybase","maxdepth",28
NA,"bathybase","maxdepth",73.8
NA,"bathybase","maxdepth",18
NA,"bathybase","maxdepth",41.1
"nhd_120052132","bathybase","maxdepth",28.7
"nhd_7029583","bathybase","maxdepth",37
"nhd_7029221","bathybase","maxdepth",112.3
"nhd_6689649","bathybase","maxdepth",35
"nhd_6655417","bathybase","maxdepth",38.9
"nhd_6655133","bathybase","maxdepth",26
"nhd_6655187","bathybase","maxdepth",23.8
"nhd_6655199","bathybase","maxdepth",49.4
"nhd_6655201","bathybase","maxdepth",18
"nhd_6655309","bathybase","maxdepth",72
"nhd_6655395","bathybase","maxdepth",10
"nhd_6655119","bathybase","maxdepth",82
NA,"bathybase","maxdepth",61
"nhd_6654797","bathybase","maxdepth",30.7
"nhd_6654769","bathybase","maxdepth",30
"nhd_6655407","bathybase","maxdepth",15
"nhd_6655307","bathybase","maxdepth",43
"nhd_6653787","bathybase","maxdepth",23.9
"nhd_6655203","bathybase","maxdepth",53.9
"nhd_6655293","bathybase","maxdepth",30
"nhd_6655349","bathybase","maxdepth",30
NA,"bathybase","maxdepth",34
"nhd_6688313","bathybase","maxdepth",20
"nhd_6653685","bathybase","maxdepth",26
"nhd_6653737","bathybase","maxdepth",74.7
"nhd_6688217","bathybase","maxdepth",26
"nhd_6653905","bathybase","maxdepth",19
NA,"bathybase","maxdepth",29
NA,"bathybase","maxdepth",35
"nhd_6653617","bathybase","maxdepth",27
"nhd_6688149","bathybase","maxdepth",19
"nhd_6688477","bathybase","maxdepth",72.9
"nhd_6688245","bathybase","maxdepth",28
NA,"bathybase","maxdepth",120
NA,"bathybase","maxdepth",40
"nhd_22326823","bathybase","maxdepth",55
"nhd_22327033","bathybase","maxdepth",20
"nhd_120052892","bathybase","maxdepth",35
"nhd_22190886","bathybase","maxdepth",28
"nhd_22326997","bathybase","maxdepth",56.9
NA,"bathybase","maxdepth",63
"nhd_22321591","bathybase","maxdepth",28.9
NA,"bathybase","maxdepth",23.9
"nhd_167122125","bathybase","maxdepth",76
"nhd_22326861","bathybase","maxdepth",16
"nhd_22321799","bathybase","maxdepth",45
"nhd_22321609","bathybase","maxdepth",40
"nhd_120052895","bathybase","maxdepth",92
"nhd_22193596","bathybase","maxdepth",28.9
"nhd_22328177","bathybase","maxdepth",13
"nhd_7054479","bathybase","maxdepth",60
"nhd_2720651","bathybase","maxdepth",20
"nhd_4971777","bathybase","maxdepth",17
"nhd_4104123","bathybase","maxdepth",13.9
"nhd_4082938","bathybase","maxdepth",12.4
"nhd_6646370","bathybase","maxdepth",8
NA,"bathybase","maxdepth",16
NA,"bathybase","maxdepth",57.7
"nhd_4141184","bathybase","maxdepth",27.9
"nhd_4141210","bathybase","maxdepth",55.3
"nhd_10597310","bathybase","maxdepth",9
"nhd_4141942","bathybase","maxdepth",7
"nhd_4141938","bathybase","maxdepth",10
"nhd_4046774","bathybase","maxdepth",7.5
"nhd_4046678","bathybase","maxdepth",21
"nhd_1776146","bathybase","maxdepth",26
"nhd_1803657","bathybase","maxdepth",20
"nhd_1799781","bathybase","maxdepth",20
"nhd_1799681","bathybase","maxdepth",28
"nhd_1799707","bathybase","maxdepth",10
"nhd_1799779","bathybase","maxdepth",19.7
"nhd_2625952","bathybase","maxdepth",25
"nhd_2625962","bathybase","maxdepth",14.5
"nhd_1776060","bathybase","maxdepth",25
"nhd_120053212","bathybase","maxdepth",31
"nhd_2628374","bathybase","maxdepth",70
"nhd_2628378","bathybase","maxdepth",84
"nhd_2628386","bathybase","maxdepth",36.3
"nhd_2628420","bathybase","maxdepth",18
"nhd_2628460","bathybase","maxdepth",47
"nhd_4838962","bathybase","maxdepth",34.9
"nhd_4838902","bathybase","maxdepth",24.6
"nhd_4838926","bathybase","maxdepth",22
"nhd_4838866","bathybase","maxdepth",20
"nhd_4840178","bathybase","maxdepth",24
"nhd_2384766","bathybase","maxdepth",49
"nhd_2384578","bathybase","maxdepth",28.9
"nhd_1101942","bathybase","maxdepth",70
"nhd_2384614","bathybase","maxdepth",42
"nhd_1101928","bathybase","maxdepth",33.9
"nhd_1102008","bathybase","maxdepth",49.6
"nhd_2384776","bathybase","maxdepth",65.8
"nhd_1101938","bathybase","maxdepth",57.8
"nhd_1103970","bathybase","maxdepth",18
"nhd_1102086","bathybase","maxdepth",85
"nhd_1102088","bathybase","maxdepth",36.8
"nhd_1102284","bathybase","maxdepth",40.9
"nhd_2384758","bathybase","maxdepth",35
"nhd_1102366","bathybase","maxdepth",40
"nhd_2384576","bathybase","maxdepth",37
"nhd_2384858","bathybase","maxdepth",18
NA,"bathybase","maxdepth",9
"nhd_2352794","bathybase","maxdepth",8.9
"nhd_2352842","bathybase","maxdepth",14.5
NA,"bathybase","maxdepth",71.9
NA,"bathybase","maxdepth",56.7
"nhd_22325161","bathybase","maxdepth",44
NA,"bathybase","maxdepth",60
NA,"bathybase","maxdepth",129
NA,"bathybase","maxdepth",71
"nhd_4619464","bathybase","maxdepth",25
NA,"bathybase","maxdepth",104.9
NA,"bathybase","maxdepth",80
"nhd_4839632","bathybase","maxdepth",65.3
"nhd_4816421","bathybase","maxdepth",23
NA,"bathybase","maxdepth",12
"nhd_4821531","bathybase","maxdepth",32
"nhd_4817643","bathybase","maxdepth",68
"nhd_120052896","bathybase","maxdepth",70
"nhd_4821857","bathybase","maxdepth",70
"nhd_4822083","bathybase","maxdepth",50
"nhd_4822083","bathybase","maxdepth",94.9
NA,"bathybase","maxdepth",83.7
NA,"bathybase","maxdepth",44.1
"nhd_4821587","bathybase","maxdepth",46.9
"nhd_4821587","bathybase","maxdepth",54
"nhd_4817675","bathybase","maxdepth",135
"nhd_4819397","bathybase","maxdepth",95
"nhd_4817559","bathybase","maxdepth",52.7
"nhd_120053307","bathybase","maxdepth",26
"nhd_4619122","bathybase","maxdepth",56.8
"nhd_4619296","bathybase","maxdepth",60
"nhd_4821889","bathybase","maxdepth",29
"nhd_4822055","bathybase","maxdepth",47.8
"nhd_4822095","bathybase","maxdepth",66.9
"nhd_4822131","bathybase","maxdepth",7.3
"nhd_4822131","bathybase","maxdepth",54
"nhd_4821665","bathybase","maxdepth",26.6
"nhd_4821685","bathybase","maxdepth",87.8
"nhd_4821697","bathybase","maxdepth",69
"nhd_120053111","bathybase","maxdepth",37.8
"nhd_120053110","bathybase","maxdepth",94.7
NA,"bathybase","maxdepth",57
"nhd_167122172","bathybase","maxdepth",80
"nhd_4620138","bathybase","maxdepth",13
"nhd_4821741","bathybase","maxdepth",84
"nhd_4817601","bathybase","maxdepth",35
"nhd_4946469","bathybase","maxdepth",39
"nhd_4946323","bathybase","maxdepth",17
"nhd_4618876","bathybase","maxdepth",37
"nhd_4619130","bathybase","maxdepth",51
"nhd_4821997","bathybase","maxdepth",70
"nhd_4818973","bathybase","maxdepth",26
"nhd_120053107","bathybase","maxdepth",31
"nhd_4619272","bathybase","maxdepth",77.9
"nhd_4821881","bathybase","maxdepth",45
"nhd_167122292","bathybase","maxdepth",207.9
"nhd_22327155","bathybase","maxdepth",95
"nhd_4818975","bathybase","maxdepth",88.6
"nhd_4818363","bathybase","maxdepth",80
"nhd_4818325","bathybase","maxdepth",59.8
"nhd_4817711","bathybase","maxdepth",56
"nhd_4817745","bathybase","maxdepth",65
"nhd_4817819","bathybase","maxdepth",74
"nhd_4821919","bathybase","maxdepth",41
"nhd_4817769","bathybase","maxdepth",90
"nhd_22327081","bathybase","maxdepth",23.8
"nhd_2646746","bathybase","maxdepth",27
"nhd_2646746","bathybase","maxdepth",8
"nhd_2646848","bathybase","maxdepth",30
"nhd_2646752","bathybase","maxdepth",105.3
"nhd_2646746","bathybase","maxdepth",33.9
"nhd_2646558","bathybase","maxdepth",21
"nhd_2646606","bathybase","maxdepth",40
"nhd_2646634","bathybase","maxdepth",23
"nhd_2646688","bathybase","maxdepth",29
"nhd_2646820","bathybase","maxdepth",14
"nhd_2646854","bathybase","maxdepth",29
"nhd_2646988","bathybase","maxdepth",46.9
"nhd_2647036","bathybase","maxdepth",54
"nhd_2645928","bathybase","maxdepth",48.6
"nhd_2645826","bathybase","maxdepth",23.6
"nhd_2645822","bathybase","maxdepth",40
NA,"bathybase","maxdepth",52.6
"nhd_2645898","bathybase","maxdepth",20
"nhd_2645898","bathybase","maxdepth",42.4
"nhd_2645864","bathybase","maxdepth",9
"nhd_2645876","bathybase","maxdepth",54.9
"nhd_7026065","bathybase","maxdepth",13
"nhd_6688509","bathybase","maxdepth",20
"nhd_6688267","bathybase","maxdepth",36
"nhd_6688369","bathybase","maxdepth",38
"nhd_22328303","bathybase","maxdepth",48
NA,"bathybase","maxdepth",79.7
"nhd_22328583","bathybase","maxdepth",97.2
"nhd_22328385","bathybase","maxdepth",45
"nhd_7058199","bathybase","maxdepth",45
NA,"bathybase","maxdepth",53
"nhd_7054925","bathybase","maxdepth",75.8
"nhd_7055159","bathybase","maxdepth",19
NA,"bathybase","maxdepth",35
NA,"bathybase","maxdepth",42.7
"nhd_120053263","bathybase","maxdepth",40
"nhd_4795348","bathybase","maxdepth",35
"nhd_4796306","bathybase","maxdepth",77
"nhd_120053264","bathybase","maxdepth",101
"nhd_4793190","bathybase","maxdepth",70
"nhd_4796552","bathybase","maxdepth",50
"nhd_4796068","bathybase","maxdepth",19
"nhd_4793178","bathybase","maxdepth",62.5
NA,"bathybase","maxdepth",72.7
"nhd_4796284","bathybase","maxdepth",25
"nhd_4796006","bathybase","maxdepth",27
"nhd_4793282","bathybase","maxdepth",25
"nhd_4793092","bathybase","maxdepth",71
"nhd_4793018","bathybase","maxdepth",77.8
"nhd_4793182","bathybase","maxdepth",73
"nhd_4793024","bathybase","maxdepth",68.9
"nhd_4796746","bathybase","maxdepth",40
"nhd_4796786","bathybase","maxdepth",20
"nhd_120052207","bathybase","maxdepth",60
NA,"bathybase","maxdepth",18.9
"nhd_4796352","bathybase","maxdepth",17.9
"nhd_4796460","bathybase","maxdepth",8.9
"nhd_4796804","bathybase","maxdepth",27.5
NA,"bathybase","maxdepth",15
"nhd_7092807","bathybase","maxdepth",214.9
NA,"bathybase","maxdepth",28
"nhd_4796274","bathybase","maxdepth",72
"nhd_4796876","bathybase","maxdepth",23
"nhd_4796846","bathybase","maxdepth",15.7
"nhd_4796816","bathybase","maxdepth",10.2
NA,"bathybase","maxdepth",10
"nhd_167201765","bathybase","maxdepth",208.9
"nhd_2424487","bathybase","maxdepth",7.3
"nhd_2425387","bathybase","maxdepth",12.7
"nhd_6580646","bathybase","maxdepth",13.6
NA,"bathybase","maxdepth",84
"nhd_4856093","bathybase","maxdepth",70
"nhd_4856075","bathybase","maxdepth",54
"nhd_4856151","bathybase","maxdepth",35
NA,"bathybase","maxdepth",71.8
"nhd_4856151","bathybase","maxdepth",44.9
"nhd_4856151","bathybase","maxdepth",37
"nhd_4970199","bathybase","maxdepth",23
"nhd_4855685","bathybase","maxdepth",62
"nhd_4857623","bathybase","maxdepth",47
"nhd_4856147","bathybase","maxdepth",42
"nhd_4857683","bathybase","maxdepth",47
"nhd_4857427","bathybase","maxdepth",23
"nhd_4857807","bathybase","maxdepth",26
"nhd_4616876","bathybase","maxdepth",30.9
"nhd_4852063","bathybase","maxdepth",63.9
"nhd_4616658","bathybase","maxdepth",34
"nhd_4616696","bathybase","maxdepth",13
"nhd_120053304","bathybase","maxdepth",41.8
"nhd_4616624","bathybase","maxdepth",38.5
"nhd_4616726","bathybase","maxdepth",22
"nhd_4620406","bathybase","maxdepth",34.8
NA,"bathybase","maxdepth",26
"nhd_4620448","bathybase","maxdepth",48.9
"nhd_4854979","bathybase","maxdepth",36
NA,"bathybase","maxdepth",27
"nhd_4621002","bathybase","maxdepth",54.9
"nhd_4620718","bathybase","maxdepth",16.9
NA,"bathybase","maxdepth",30
"nhd_4620258","bathybase","maxdepth",30
"nhd_4620258","bathybase","maxdepth",70
"nhd_4620258","bathybase","maxdepth",52
"nhd_4620258","bathybase","maxdepth",25
"nhd_4620540","bathybase","maxdepth",68.2
"nhd_4620600","bathybase","maxdepth",29
"nhd_4620286","bathybase","maxdepth",70
"nhd_4619984","bathybase","maxdepth",20
"nhd_4619930","bathybase","maxdepth",77.8
"nhd_4620090","bathybase","maxdepth",35
"nhd_4620142","bathybase","maxdepth",55
"nhd_4620142","bathybase","maxdepth",65
"nhd_4620256","bathybase","maxdepth",60
"nhd_167122174","bathybase","maxdepth",74.6
"nhd_4620890","bathybase","maxdepth",104
"nhd_4620258","bathybase","maxdepth",136.4
"nhd_4620258","bathybase","maxdepth",100
"nhd_4620258","bathybase","maxdepth",80
"nhd_4620258","bathybase","maxdepth",120
"nhd_4946219","bathybase","maxdepth",36
NA,"bathybase","maxdepth",62.9
"nhd_4620258","bathybase","maxdepth",56
"nhd_4620258","bathybase","maxdepth",70
"nhd_4620258","bathybase","maxdepth",40
"nhd_4620652","bathybase","maxdepth",77
"nhd_4620676","bathybase","maxdepth",63
"nhd_4620258","bathybase","maxdepth",10
"nhd_4857571","bathybase","maxdepth",42
"nhd_4946253","bathybase","maxdepth",90
"nhd_4946249","bathybase","maxdepth",51
"nhd_4946183","bathybase","maxdepth",81.1
"nhd_4942009","bathybase","maxdepth",40
"nhd_4942039","bathybase","maxdepth",46
"nhd_4620258","bathybase","maxdepth",100
"nhd_4946503","bathybase","maxdepth",26
"nhd_4946451","bathybase","maxdepth",15.3
"nhd_4946471","bathybase","maxdepth",3.5
"nhd_4946489","bathybase","maxdepth",28.7
"nhd_4946509","bathybase","maxdepth",7.6
"nhd_4942039","bathybase","maxdepth",39
"nhd_4620672","bathybase","maxdepth",42
"nhd_4857221","bathybase","maxdepth",207.9
"nhd_167578173","bathybase","maxdepth",50
"nhd_1876481","bathybase","maxdepth",37
"nhd_2385502","bathybase","maxdepth",33
NA,"bathybase","maxdepth",7.5
"nhd_4980374","bathybase","maxdepth",30
"nhd_4966837","bathybase","maxdepth",44.9
"nhd_4966769","bathybase","maxdepth",43
"nhd_4966667","bathybase","maxdepth",32
"nhd_4966645","bathybase","maxdepth",63
"nhd_4966667","bathybase","maxdepth",31
"nhd_4966599","bathybase","maxdepth",84.9
"nhd_4966535","bathybase","maxdepth",159.2
"nhd_4964681","bathybase","maxdepth",43.8
"nhd_4413176","bathybase","maxdepth",77.9
"nhd_4966619","bathybase","maxdepth",62
"nhd_4964689","bathybase","maxdepth",100
"nhd_4966827","bathybase","maxdepth",80
"nhd_4413218","bathybase","maxdepth",19
"nhd_4966777","bathybase","maxdepth",30
NA,"bathybase","maxdepth",42
"nhd_4966653","bathybase","maxdepth",56.5
"nhd_4966651","bathybase","maxdepth",40
"nhd_4966669","bathybase","maxdepth",52
"nhd_4966653","bathybase","maxdepth",28.4
"nhd_4966677","bathybase","maxdepth",123
"nhd_4966583","bathybase","maxdepth",32.1
"nhd_167120719","bathybase","maxdepth",105.9
NA,"bathybase","maxdepth",60.7
"nhd_4966721","bathybase","maxdepth",30.9
"nhd_4412412","bathybase","maxdepth",90
"nhd_4966807","bathybase","maxdepth",41
"nhd_4966835","bathybase","maxdepth",39.9
"nhd_4413122","bathybase","maxdepth",18
"nhd_120052062","bathybase","maxdepth",25.5
"nhd_4412416","bathybase","maxdepth",35
"nhd_4412482","bathybase","maxdepth",46
"nhd_4411926","bathybase","maxdepth",32
"nhd_4412410","bathybase","maxdepth",14
"nhd_4099949","bathybase","maxdepth",48
"nhd_10597314","bathybase","maxdepth",20
"nhd_7014901","bathybase","maxdepth",4.4
"nhd_6558619","bathybase","maxdepth",14
"nhd_6558627","bathybase","maxdepth",8
"nhd_6558621","bathybase","maxdepth",4.1
"nhd_2747608","bathybase","maxdepth",6
NA,"bathybase","maxdepth",58.8
"nhd_4099945","bathybase","maxdepth",21
"nhd_4412654","bathybase","maxdepth",22
"nhd_4412848","bathybase","maxdepth",28
"nhd_4102293","bathybase","maxdepth",27.8
"nhd_120052016","bathybase","maxdepth",22.9
"nhd_1101754","bathybase","maxdepth",86.7
"nhd_1101778","bathybase","maxdepth",31
"nhd_1101812","bathybase","maxdepth",32.8
"nhd_1101684","bathybase","maxdepth",90
"nhd_1101544","bathybase","maxdepth",25
NA,"bathybase","maxdepth",48.3
"nhd_1101616","bathybase","maxdepth",51
"nhd_2384748","bathybase","maxdepth",28
"nhd_1101666","bathybase","maxdepth",6
"nhd_2384584","bathybase","maxdepth",45
"nhd_2384650","bathybase","maxdepth",12
"nhd_2384778","bathybase","maxdepth",16
"nhd_120052022","bathybase","maxdepth",47.6
"nhd_1101492","bathybase","maxdepth",37
"nhd_1099136","bathybase","maxdepth",56.8
"nhd_1099172","bathybase","maxdepth",61
"nhd_1101590","bathybase","maxdepth",102.4
"nhd_1101864","bathybase","maxdepth",94.5
"nhd_1101514","bathybase","maxdepth",35
"nhd_1101498","bathybase","maxdepth",4.7
"nhd_4250374","bathybase","maxdepth",13
"nhd_2349188","bathybase","maxdepth",59.7
"nhd_1101690","bathybase","maxdepth",42.9
"nhd_4250586","bathybase","maxdepth",58
"nhd_4250586","bathybase","maxdepth",52.3
"nhd_4250528","bathybase","maxdepth",5.7
"nhd_4250554","bathybase","maxdepth",43.6
NA,"bathybase","maxdepth",5.2
"nhd_1101826","bathybase","maxdepth",4.4
"nhd_4940775","bathybase","maxdepth",65
"nhd_4936921","bathybase","maxdepth",80
"nhd_4936887","bathybase","maxdepth",55
"nhd_4940713","bathybase","maxdepth",40
"nhd_4818135","bathybase","maxdepth",91
"nhd_4817823","bathybase","maxdepth",35
"nhd_22327043","bathybase","maxdepth",42
"nhd_4940775","bathybase","maxdepth",30
"nhd_4817931","bathybase","maxdepth",133
"nhd_4940999","bathybase","maxdepth",30
"nhd_4940999","bathybase","maxdepth",10
"nhd_4940999","bathybase","maxdepth",35
"nhd_4941153","bathybase","maxdepth",15
NA,"bathybase","maxdepth",32
"nhd_4940805","bathybase","maxdepth",10.2
"nhd_4940799","bathybase","maxdepth",5
"nhd_4940871","bathybase","maxdepth",40
"nhd_4942465","bathybase","maxdepth",35
"nhd_4942465","bathybase","maxdepth",35
NA,"bathybase","maxdepth",4
"nhd_4936819","bathybase","maxdepth",96
"nhd_4936823","bathybase","maxdepth",33
"nhd_4936761","bathybase","maxdepth",49.9
"nhd_4936833","bathybase","maxdepth",34
"nhd_120053298","bathybase","maxdepth",96
"nhd_120053298","bathybase","maxdepth",66
"nhd_4941267","bathybase","maxdepth",23
NA,"bathybase","maxdepth",23.8
"nhd_4940809","bathybase","maxdepth",18.7
NA,"bathybase","maxdepth",50
"nhd_4936699","bathybase","maxdepth",55
"nhd_4936833","bathybase","maxdepth",22
"nhd_120053297","bathybase","maxdepth",80
"nhd_4936611","bathybase","maxdepth",67.9
"nhd_4936611","bathybase","maxdepth",34.9
"nhd_4936611","bathybase","maxdepth",6
NA,"bathybase","maxdepth",58.2
"nhd_4936611","bathybase","maxdepth",53
"nhd_22327057","bathybase","maxdepth",65
"nhd_4944293","bathybase","maxdepth",9
"nhd_167122173","bathybase","maxdepth",129
"nhd_4940811","bathybase","maxdepth",28
"nhd_4940755","bathybase","maxdepth",41
"nhd_4936683","bathybase","maxdepth",25
"nhd_120053276","bathybase","maxdepth",26
"nhd_4936699","bathybase","maxdepth",115
"nhd_120053275","bathybase","maxdepth",84
"nhd_167122169","bathybase","maxdepth",135
"nhd_4936901","bathybase","maxdepth",50
"nhd_4936963","bathybase","maxdepth",54
"nhd_22327369","bathybase","maxdepth",29
"nhd_4945805","bathybase","maxdepth",76
"nhd_120052135","bathybase","maxdepth",86.9
"nhd_4943453","bathybase","maxdepth",14.5
NA,"bathybase","maxdepth",61
NA,"bathybase","maxdepth",76.9
NA,"bathybase","maxdepth",44.8
NA,"bathybase","maxdepth",66.3
"nhd_22328637","bathybase","maxdepth",41
"nhd_22328351","bathybase","maxdepth",8.7
NA,"bathybase","maxdepth",213
"nhd_4943951","bathybase","maxdepth",17
"nhd_4939497","bathybase","maxdepth",54
"nhd_2362364","bathybase","maxdepth",36
"nhd_2362460","bathybase","maxdepth",25
"nhd_2362414","bathybase","maxdepth",30
"nhd_2362216","bathybase","maxdepth",12
"nhd_2365408","bathybase","maxdepth",10
"nhd_2362106","bathybase","maxdepth",15
"nhd_2365392","bathybase","maxdepth",11
"nhd_2365392","bathybase","maxdepth",30
NA,"bathybase","maxdepth",46.8
"nhd_2362192","bathybase","maxdepth",17
NA,"bathybase","maxdepth",10.5
"nhd_1773974","bathybase","maxdepth",32
NA,"bathybase","maxdepth",20
"nhd_4834066","bathybase","maxdepth",65
"nhd_4834832","bathybase","maxdepth",85
"nhd_7176034","bathybase","maxdepth",16
"nhd_7175584","bathybase","maxdepth",45
"nhd_4834120","bathybase","maxdepth",41
"nhd_4834120","bathybase","maxdepth",40
NA,"bathybase","maxdepth",60
"nhd_22237688","bathybase","maxdepth",14.9
"nhd_4834232","bathybase","maxdepth",137.8
"nhd_4833248","bathybase","maxdepth",67.8
NA,"bathybase","maxdepth",34.6
"nhd_22237618","bathybase","maxdepth",84.3
"nhd_22237644","bathybase","maxdepth",49.9
"nhd_4835034","bathybase","maxdepth",30
"nhd_22325225","bathybase","maxdepth",58.2
"nhd_4834390","bathybase","maxdepth",57
NA,"bathybase","maxdepth",31
"nhd_4833388","bathybase","maxdepth",115
"nhd_4833508","bathybase","maxdepth",120
"nhd_4833664","bathybase","maxdepth",57
"nhd_4833160","bathybase","maxdepth",156.8
"nhd_22238714","bathybase","maxdepth",87.9
"nhd_22238374","bathybase","maxdepth",39.3
"nhd_22237876","bathybase","maxdepth",20.5
NA,"bathybase","maxdepth",70
"nhd_22324969","bathybase","maxdepth",110
"nhd_4835124","bathybase","maxdepth",31.2
"nhd_22325169","bathybase","maxdepth",105
"nhd_22325215","bathybase","maxdepth",30
"nhd_22326037","bathybase","maxdepth",55.9
"nhd_22324833","bathybase","maxdepth",62.3
NA,"bathybase","maxdepth",76
NA,"bathybase","maxdepth",39
"nhd_22238524","bathybase","maxdepth",88.4
"nhd_22238514","bathybase","maxdepth",43
"nhd_22238532","bathybase","maxdepth",42.7
"nhd_22324571","bathybase","maxdepth",101
"nhd_22324537","bathybase","maxdepth",61
NA,"bathybase","maxdepth",131.2
"nhd_22324645","bathybase","maxdepth",94
"nhd_22242494","bathybase","maxdepth",33
"nhd_22238196","bathybase","maxdepth",39
"nhd_4834720","bathybase","maxdepth",45
"nhd_22238368","bathybase","maxdepth",30
"nhd_22238394","bathybase","maxdepth",40
"nhd_22324575","bathybase","maxdepth",80
"nhd_22238534","bathybase","maxdepth",32
"nhd_22327031","bathybase","maxdepth",30
"nhd_22241252","bathybase","maxdepth",60
"nhd_22240168","bathybase","maxdepth",58.6
"nhd_22240208","bathybase","maxdepth",35
"nhd_2425487","bathybase","maxdepth",28.2
"nhd_14618626","bathybase","maxdepth",6
"nhd_14618592","bathybase","maxdepth",9.8
"nhd_14618616","bathybase","maxdepth",7
"nhd_2637344","bathybase","maxdepth",11
"nhd_2639404","bathybase","maxdepth",11
"nhd_167114208","bathybase","maxdepth",14.2
NA,"bathybase","maxdepth",47.7
NA,"bathybase","maxdepth",17
"nhd_2350690","bathybase","maxdepth",11
"nhd_4251740","bathybase","maxdepth",27
"nhd_4251580","bathybase","maxdepth",12.6
"nhd_4251456","bathybase","maxdepth",45
"nhd_2354176","bathybase","maxdepth",7
"nhd_4251588","bathybase","maxdepth",110
"nhd_120051923","bathybase","maxdepth",18
"nhd_4251698","bathybase","maxdepth",39.9
"nhd_4251632","bathybase","maxdepth",32
"nhd_4251590","bathybase","maxdepth",40
"nhd_120053182","bathybase","maxdepth",14
"nhd_4120250","bathybase","maxdepth",7
"nhd_4120278","bathybase","maxdepth",16
"nhd_4415554","bathybase","maxdepth",26
"nhd_4415632","bathybase","maxdepth",30
"nhd_4415510","bathybase","maxdepth",40
"nhd_4415506","bathybase","maxdepth",30.4
"nhd_4415600","bathybase","maxdepth",14
NA,"bathybase","maxdepth",30
"nhd_22190078","bathybase","maxdepth",50
NA,"bathybase","maxdepth",10
"nhd_9371290","bathybase","maxdepth",10
"nhd_4802064","bathybase","maxdepth",18
NA,"bathybase","maxdepth",18
"nhd_4802118","bathybase","maxdepth",5.2
"nhd_4802220","bathybase","maxdepth",61
"nhd_4802228","bathybase","maxdepth",39.4
"nhd_4801856","bathybase","maxdepth",53
NA,"bathybase","maxdepth",34.9
"nhd_4801688","bathybase","maxdepth",41.6
"nhd_7108869","bathybase","maxdepth",38.9
"nhd_7108851","bathybase","maxdepth",15.3
"nhd_7108481","bathybase","maxdepth",37.9
"nhd_7107351","bathybase","maxdepth",75.8
"nhd_4802140","bathybase","maxdepth",22
"nhd_7107581","bathybase","maxdepth",27
"nhd_167201747","bathybase","maxdepth",110
NA,"bathybase","maxdepth",104
NA,"bathybase","maxdepth",30
"nhd_7108425","bathybase","maxdepth",18
"nhd_1754416","bathybase","maxdepth",30.6
"nhd_120052219","bathybase","maxdepth",78
"nhd_120052221","bathybase","maxdepth",140
"nhd_1790219","bathybase","maxdepth",7
"nhd_7109079","bathybase","maxdepth",5
"nhd_7109203","bathybase","maxdepth",7
"nhd_7096335","bathybase","maxdepth",32
"nhd_167201754","bathybase","maxdepth",7
"nhd_7108985","bathybase","maxdepth",14
"nhd_7109255","bathybase","maxdepth",13
"nhd_7108791","bathybase","maxdepth",19
"nhd_7107615","bathybase","maxdepth",27
"nhd_7109389","bathybase","maxdepth",10
"nhd_1754698","bathybase","maxdepth",20
"nhd_1790475","bathybase","maxdepth",15
"nhd_7107795","bathybase","maxdepth",30
"nhd_7107795","bathybase","maxdepth",54.1
"nhd_7107795","bathybase","maxdepth",55
NA,"bathybase","maxdepth",32
NA,"bathybase","maxdepth",19.5
"nhd_2032039","bathybase","maxdepth",10
"nhd_2032055","bathybase","maxdepth",31.3
"nhd_2031773","bathybase","maxdepth",14
"nhd_2031739","bathybase","maxdepth",66.8
"nhd_2032081","bathybase","maxdepth",53
"nhd_2032117","bathybase","maxdepth",60
"nhd_2031943","bathybase","maxdepth",50.6
"nhd_2388578","bathybase","maxdepth",20
"nhd_2031945","bathybase","maxdepth",37
NA,"bathybase","maxdepth",24
"nhd_2031945","bathybase","maxdepth",6
"nhd_2031941","bathybase","maxdepth",8
NA,"bathybase","maxdepth",41.1
"nhd_4141086","bathybase","maxdepth",37
"nhd_4136948","bathybase","maxdepth",7
NA,"bathybase","maxdepth",9.1
"nhd_4121444","bathybase","maxdepth",9
"nhd_4123858","bathybase","maxdepth",11
NA,"bathybase","maxdepth",9
"nhd_4122288","bathybase","maxdepth",9
"nhd_4136942","bathybase","maxdepth",6
"nhd_4254936","bathybase","maxdepth",18
"nhd_2354426","bathybase","maxdepth",15.2
"nhd_2354234","bathybase","maxdepth",34.9
"nhd_7028003","bathybase","maxdepth",18
"nhd_7029157","bathybase","maxdepth",40.5
"nhd_7028449","bathybase","maxdepth",26
"nhd_7028377","bathybase","maxdepth",27.4
"nhd_7028251","bathybase","maxdepth",16
"nhd_7027575","bathybase","maxdepth",42.9
"nhd_7028697","bathybase","maxdepth",29
NA,"bathybase","maxdepth",40
"nhd_7027651","bathybase","maxdepth",27.5
"nhd_2748358","bathybase","maxdepth",9
"nhd_2748386","bathybase","maxdepth",22
"nhd_2748288","bathybase","maxdepth",11.9
"nhd_2748294","bathybase","maxdepth",18.5
"nhd_2748300","bathybase","maxdepth",19.7
"nhd_2748312","bathybase","maxdepth",25
"nhd_2748332","bathybase","maxdepth",16.5
"nhd_2748280","bathybase","maxdepth",20.5
"nhd_4251680","bathybase","maxdepth",19
"nhd_120052027","bathybase","maxdepth",11.5
"nhd_4251886","bathybase","maxdepth",31
"nhd_4251832","bathybase","maxdepth",32
"nhd_4252042","bathybase","maxdepth",17
"nhd_2354124","bathybase","maxdepth",21.6
"nhd_4252102","bathybase","maxdepth",51
"nhd_4252190","bathybase","maxdepth",25
"nhd_4252072","bathybase","maxdepth",73.9
"nhd_4251826","bathybase","maxdepth",20
"nhd_4251818","bathybase","maxdepth",40
"nhd_2723897","bathybase","maxdepth",17
"nhd_2723939","bathybase","maxdepth",41.6
"nhd_4252134","bathybase","maxdepth",45
"nhd_4251934","bathybase","maxdepth",18
"nhd_4251894","bathybase","maxdepth",11
"nhd_4252006","bathybase","maxdepth",10
"nhd_2354124","bathybase","maxdepth",5
"nhd_2360642","bathybase","maxdepth",40
NA,"bathybase","maxdepth",63
"nhd_4970209","bathybase","maxdepth",35
"nhd_4970199","bathybase","maxdepth",51.5
"nhd_4970213","bathybase","maxdepth",29
"nhd_4971385","bathybase","maxdepth",30
NA,"bathybase","maxdepth",30.8
"nhd_4858121","bathybase","maxdepth",17
"nhd_4963177","bathybase","maxdepth",65
"nhd_4946589","bathybase","maxdepth",25
"nhd_4859307","bathybase","maxdepth",58.9
"nhd_4971671","bathybase","maxdepth",8
"nhd_4963129","bathybase","maxdepth",52
"nhd_4963143","bathybase","maxdepth",18
"nhd_4963147","bathybase","maxdepth",18
NA,"bathybase","maxdepth",42
"nhd_4971593","bathybase","maxdepth",87.4
NA,"bathybase","maxdepth",10.4
"nhd_6579638","bathybase","maxdepth",9.6
NA,"bathybase","maxdepth",3.5
"nhd_14618590","bathybase","maxdepth",16.5
"nhd_4959624","bathybase","maxdepth",53
"nhd_4959648","bathybase","maxdepth",43
"nhd_4959656","bathybase","maxdepth",46.9
"nhd_6655827","bathybase","maxdepth",70.6
"nhd_6658837","bathybase","maxdepth",86.9
"nhd_4959612","bathybase","maxdepth",48.9
"nhd_167204343","bathybase","maxdepth",65
"nhd_6656797","bathybase","maxdepth",71.9
"nhd_4959614","bathybase","maxdepth",42.9
"nhd_6656333","bathybase","maxdepth",26
"nhd_6658899","bathybase","maxdepth",68.6
"nhd_6658833","bathybase","maxdepth",108
"nhd_6658711","bathybase","maxdepth",63.3
"nhd_6658783","bathybase","maxdepth",50.9
"nhd_6658551","bathybase","maxdepth",111.5
"nhd_4099427","bathybase","maxdepth",46
"nhd_6658673","bathybase","maxdepth",25
"nhd_4098951","bathybase","maxdepth",45.9
"nhd_6658543","bathybase","maxdepth",29
"nhd_6655559","bathybase","maxdepth",89.8
NA,"bathybase","maxdepth",136.8
"nhd_6655453","bathybase","maxdepth",130
NA,"bathybase","maxdepth",19
"nhd_167204342","bathybase","maxdepth",60.6
NA,"bathybase","maxdepth",90
"nhd_6655829","bathybase","maxdepth",74
NA,"bathybase","maxdepth",127.9
"nhd_4099203","bathybase","maxdepth",94.9
"nhd_6658553","bathybase","maxdepth",81
"nhd_6655585","bathybase","maxdepth",75.8
"nhd_4099665","bathybase","maxdepth",51
"nhd_120052117","bathybase","maxdepth",44.9
"nhd_120052619","bathybase","maxdepth",46
"nhd_120052620","bathybase","maxdepth",48
"nhd_167204344","bathybase","maxdepth",54.7
"nhd_6655725","bathybase","maxdepth",46.5
NA,"bathybase","maxdepth",65.4
"nhd_167204344","bathybase","maxdepth",9
"nhd_6657403","bathybase","maxdepth",72.8
"nhd_120052139","bathybase","maxdepth",61.1
"nhd_6657715","bathybase","maxdepth",18
"nhd_6657425","bathybase","maxdepth",74.9
"nhd_6654109","bathybase","maxdepth",21
NA,"bathybase","maxdepth",17
"nhd_2262585","bathybase","maxdepth",46.6
"nhd_1803755","bathybase","maxdepth",8
"nhd_1803719","bathybase","maxdepth",12
"nhd_2628524","bathybase","maxdepth",18
"nhd_2628482","bathybase","maxdepth",40.9
"nhd_2628516","bathybase","maxdepth",40
"nhd_2628474","bathybase","maxdepth",40
"nhd_2638070","bathybase","maxdepth",32
"nhd_2630930","bathybase","maxdepth",153
"nhd_2628802","bathybase","maxdepth",12
"nhd_2630868","bathybase","maxdepth",20
"nhd_2630796","bathybase","maxdepth",22
"nhd_2639444","bathybase","maxdepth",23
"nhd_7055251","bathybase","maxdepth",11
"nhd_7055251","bathybase","maxdepth",18.9
"nhd_7055251","bathybase","maxdepth",3.6
"nhd_7054645","bathybase","maxdepth",19
"nhd_7054881","bathybase","maxdepth",58.8
"nhd_7053203","bathybase","maxdepth",7
NA,"bathybase","maxdepth",21
"nhd_7053169","bathybase","maxdepth",19.1
NA,"bathybase","maxdepth",82.9
"nhd_7053191","bathybase","maxdepth",14
"nhd_4415184","bathybase","maxdepth",48.9
"nhd_4413390","bathybase","maxdepth",68.1
"nhd_4413500","bathybase","maxdepth",33.4
"nhd_4413374","bathybase","maxdepth",14
NA,"bathybase","maxdepth",32
"nhd_2648034","bathybase","maxdepth",17.9
"nhd_1099052","bathybase","maxdepth",37
"nhd_1099534","bathybase","maxdepth",3.5
"nhd_1099522","bathybase","maxdepth",11.6
"nhd_1099526","bathybase","maxdepth",41.4
NA,"bathybase","maxdepth",5
"nhd_1099588","bathybase","maxdepth",5
"nhd_1101500","bathybase","maxdepth",8
"nhd_1101504","bathybase","maxdepth",91
"nhd_1101572","bathybase","maxdepth",12.7
"nhd_1099352","bathybase","maxdepth",57.9
"nhd_1099382","bathybase","maxdepth",9
